timestamp,metric_name,instance,labels,value
2026-09-17T21:56:41.128000+00:00,block_height,rpc-node:9545,"{""__name__"":""ethereum_blockchain_height"",""instance"":""rpc-node:9545"",""job"":""besu""}",100332.0
2026-09-17T21:56:41.128000+00:00,block_height,validator-1:9545,"{""__name__"":""ethereum_blockchain_height"",""instance"":""validator-1:9545"",""job"":""besu""}",100333.0
2026-09-17T21:56:41.128000+00:00,block_height,validator-2:9545,"{""__name__"":""ethereum_blockchain_height"",""instance"":""validator-2:9545"",""job"":""besu""}",100332.0
2026-09-17T21:56:41.128000+00:00,block_height,validator-3:9545,"{""__name__"":""ethereum_blockchain_height"",""instance"":""validator-3:9545"",""job"":""besu""}",100333.0
2026-09-17T21:56:41.128000+00:00,chain_head_transaction_count,rpc-node:9545,"{""__name__"":""besu_blockchain_chain_head_transaction_count"",""instance"":""rpc-node:9545"",""job"":""besu""}",1.0
2026-09-17T21:56:41.128000+00:00,chain_head_transaction_count,validator-1:9545,"{""__name__"":""besu_blockchain_chain_head_transaction_count"",""instance"":""validator-1:9545"",""job"":""besu""}",0.0
2026-09-17T21:56:41.128000+00:00,chain_head_transaction_count,validator-2:9545,"{""__name__"":""besu_blockchain_chain_head_transaction_count"",""instance"":""validator-2:9545"",""job"":""besu""}",1.0
2026-09-17T21:56:41.128000+00:00,chain_head_transaction_count,validator-3:9545,"{""__name__"":""besu_blockchain_chain_head_transaction_count"",""instance"":""validator-3:9545"",""job"":""besu""}",0.0
2026-09-17T21:56:41.128000+00:00,jvm_memory_used_bytes,rpc-node:9545,"{""__name__"":""jvm_memory_used_bytes"",""area"":""heap"",""instance"":""rpc-node:9545"",""job"":""besu""}",96703280.0
2026-09-17T21:56:41.128000+00:00,jvm_memory_used_bytes,rpc-node:9545,"{""__name__"":""jvm_memory_used_bytes"",""area"":""nonheap"",""instance"":""rpc-node:9545"",""job"":""besu""}",102028080.0
2026-09-17T21:56:41.128000+00:00,jvm_memory_used_bytes,validator-1:9545,"{""__name__"":""jvm_memory_used_bytes"",""area"":""heap"",""instance"":""validator-1:9545"",""job"":""besu""}",121845248.0
2026-09-17T21:56:41.128000+00:00,jvm_memory_used_bytes,validator-1:9545,"{""__name__"":""jvm_memory_used_bytes"",""area"":""nonheap"",""instance"":""validator-1:9545"",""job"":""besu""}",90757832.0
2026-09-17T21:56:41.128000+00:00,jvm_memory_used_bytes,validator-2:9545,"{""__name__"":""jvm_memory_used_bytes"",""area"":""heap"",""instance"":""validator-2:9545"",""job"":""besu""}",141534120.0
2026-09-17T21:56:41.128000+00:00,jvm_memory_used_bytes,validator-2:9545,"{""__name__"":""jvm_memory_used_bytes"",""area"":""nonheap"",""instance"":""validator-2:9545"",""job"":""besu""}",91445848.0
2026-09-17T21:56:41.128000+00:00,jvm_memory_used_bytes,validator-3:9545,"{""__name__"":""jvm_memory_used_bytes"",""area"":""heap"",""instance"":""validator-3:9545"",""job"":""besu""}",119347720.0
2026-09-17T21:56:41.128000+00:00,jvm_memory_used_bytes,validator-3:9545,"{""__name__"":""jvm_memory_used_bytes"",""area"":""nonheap"",""instance"":""validator-3:9545"",""job"":""besu""}",91160864.0
2026-09-17T21:56:41.128000+00:00,node_up,rpc-node:9545,"{""__name__"":""up"",""instance"":""rpc-node:9545"",""job"":""besu""}",1.0
2026-09-17T21:56:41.128000+00:00,node_up,validator-1:9545,"{""__name__"":""up"",""instance"":""validator-1:9545"",""job"":""besu""}",1.0
2026-09-17T21:56:41.128000+00:00,node_up,validator-2:9545,"{""__name__"":""up"",""instance"":""validator-2:9545"",""job"":""besu""}",1.0
2026-09-17T21:56:41.128000+00:00,node_up,validator-3:9545,"{""__name__"":""up"",""instance"":""validator-3:9545"",""job"":""besu""}",1.0
2026-09-17T21:56:41.128000+00:00,node_up,validator-4:9545,"{""__name__"":""up"",""instance"":""validator-4:9545"",""job"":""besu""}",0.0
2026-09-17T21:56:41.128000+00:00,peer_count,rpc-node:9545,"{""__name__"":""ethereum_peer_count"",""instance"":""rpc-node:9545"",""job"":""besu""}",3.0
2026-09-17T21:56:41.128000+00:00,peer_count,validator-1:9545,"{""__name__"":""ethereum_peer_count"",""instance"":""validator-1:9545"",""job"":""besu""}",3.0
2026-09-17T21:56:41.128000+00:00,peer_count,validator-2:9545,"{""__name__"":""ethereum_peer_count"",""instance"":""validator-2:9545"",""job"":""besu""}",3.0
2026-09-17T21:56:41.128000+00:00,peer_count,validator-3:9545,"{""__name__"":""ethereum_peer_count"",""instance"":""validator-3:9545"",""job"":""besu""}",3.0
2026-09-17T21:56:41.128000+00:00,process_cpu_rate,rpc-node:9545,"{""instance"":""rpc-node:9545"",""job"":""besu""}",0.057158696964168
2026-09-17T21:56:41.128000+00:00,process_cpu_rate,validator-1:9545,"{""instance"":""validator-1:9545"",""job"":""besu""}",0.03133333333333435
2026-09-17T21:56:41.128000+00:00,process_cpu_rate,validator-2:9545,"{""instance"":""validator-2:9545"",""job"":""besu""}",0.0317544973841988
2026-09-17T21:56:41.128000+00:00,process_cpu_rate,validator-3:9545,"{""instance"":""validator-3:9545"",""job"":""besu""}",0.030315789473682166
2026-09-17T21:56:41.128000+00:00,process_resident_memory_bytes,rpc-node:9545,"{""__name__"":""process_resident_memory_bytes"",""instance"":""rpc-node:9545"",""job"":""besu""}",448540672.0
2026-09-17T21:56:41.128000+00:00,process_resident_memory_bytes,validator-1:9545,"{""__name__"":""process_resident_memory_bytes"",""instance"":""validator-1:9545"",""job"":""besu""}",657301504.0
2026-09-17T21:56:41.128000+00:00,process_resident_memory_bytes,validator-2:9545,"{""__name__"":""process_resident_memory_bytes"",""instance"":""validator-2:9545"",""job"":""besu""}",666017792.0
2026-09-17T21:56:41.128000+00:00,process_resident_memory_bytes,validator-3:9545,"{""__name__"":""process_resident_memory_bytes"",""instance"":""validator-3:9545"",""job"":""besu""}",624447488.0
2026-09-17T21:56:41.128000+00:00,rpc_active_connections,rpc-node:9545,"{""__name__"":""besu_rpc_active_http_connection_count"",""instance"":""rpc-node:9545"",""job"":""besu""}",100.0
2026-09-17T21:56:41.128000+00:00,sync_status,rpc-node:9545,"{""__name__"":""besu_synchronizer_in_sync"",""instance"":""rpc-node:9545"",""job"":""besu""}",1.0
2026-09-17T21:56:41.128000+00:00,sync_status,validator-1:9545,"{""__name__"":""besu_synchronizer_in_sync"",""instance"":""validator-1:9545"",""job"":""besu""}",1.0
2026-09-17T21:56:41.128000+00:00,sync_status,validator-2:9545,"{""__name__"":""besu_synchronizer_in_sync"",""instance"":""validator-2:9545"",""job"":""besu""}",1.0
2026-09-17T21:56:41.128000+00:00,sync_status,validator-3:9545,"{""__name__"":""besu_synchronizer_in_sync"",""instance"":""validator-3:9545"",""job"":""besu""}",1.0
2026-09-17T21:56:41.128000+00:00,transaction_pool,rpc-node:9545,"{""__name__"":""besu_transaction_pool_number_of_transactions"",""instance"":""rpc-node:9545"",""job"":""besu"",""layer"":""prioritized""}",0.0
2026-09-17T21:56:41.128000+00:00,transaction_pool,rpc-node:9545,"{""__name__"":""besu_transaction_pool_number_of_transactions"",""instance"":""rpc-node:9545"",""job"":""besu"",""layer"":""ready""}",0.0
2026-09-17T21:56:41.128000+00:00,transaction_pool,rpc-node:9545,"{""__name__"":""besu_transaction_pool_number_of_transactions"",""instance"":""rpc-node:9545"",""job"":""besu"",""layer"":""sparse""}",0.0
2026-09-17T21:56:41.128000+00:00,transaction_pool,validator-1:9545,"{""__name__"":""besu_transaction_pool_number_of_transactions"",""instance"":""validator-1:9545"",""job"":""besu"",""layer"":""prioritized""}",1.0
2026-09-17T21:56:41.128000+00:00,transaction_pool,validator-1:9545,"{""__name__"":""besu_transaction_pool_number_of_transactions"",""instance"":""validator-1:9545"",""job"":""besu"",""layer"":""ready""}",0.0
2026-09-17T21:56:41.128000+00:00,transaction_pool,validator-1:9545,"{""__name__"":""besu_transaction_pool_number_of_transactions"",""instance"":""validator-1:9545"",""job"":""besu"",""layer"":""sparse""}",0.0
2026-09-17T21:56:41.128000+00:00,transaction_pool,validator-2:9545,"{""__name__"":""besu_transaction_pool_number_of_transactions"",""instance"":""validator-2:9545"",""job"":""besu"",""layer"":""prioritized""}",0.0
2026-09-17T21:56:41.128000+00:00,transaction_pool,validator-2:9545,"{""__name__"":""besu_transaction_pool_number_of_transactions"",""instance"":""validator-2:9545"",""job"":""besu"",""layer"":""ready""}",0.0
2026-09-17T21:56:41.128000+00:00,transaction_pool,validator-2:9545,"{""__name__"":""besu_transaction_pool_number_of_transactions"",""instance"":""validator-2:9545"",""job"":""besu"",""layer"":""sparse""}",0.0
2026-09-17T21:56:41.128000+00:00,transaction_pool,validator-3:9545,"{""__name__"":""besu_transaction_pool_number_of_transactions"",""instance"":""validator-3:9545"",""job"":""besu"",""layer"":""prioritized""}",1.0
2026-09-17T21:56:41.128000+00:00,transaction_pool,validator-3:9545,"{""__name__"":""besu_transaction_pool_number_of_transactions"",""instance"":""validator-3:9545"",""job"":""besu"",""layer"":""ready""}",0.0
2026-09-17T21:56:41.128000+00:00,transaction_pool,validator-3:9545,"{""__name__"":""besu_transaction_pool_number_of_transactions"",""instance"":""validator-3:9545"",""job"":""besu"",""layer"":""sparse""}",0.0
2026-09-17T21:56:56.128000+00:00,block_height,rpc-node:9545,"{""__name__"":""ethereum_blockchain_height"",""instance"":""rpc-node:9545"",""job"":""besu""}",100335.0
2026-09-17T21:56:56.128000+00:00,block_height,validator-1:9545,"{""__name__"":""ethereum_blockchain_height"",""instance"":""validator-1:9545"",""job"":""besu""}",100335.0
2026-09-17T21:56:56.128000+00:00,block_height,validator-2:9545,"{""__name__"":""ethereum_blockchain_height"",""instance"":""validator-2:9545"",""job"":""besu""}",100335.0
2026-09-17T21:56:56.128000+00:00,block_height,validator-3:9545,"{""__name__"":""ethereum_blockchain_height"",""instance"":""validator-3:9545"",""job"":""besu""}",100335.0
2026-09-17T21:56:56.128000+00:00,chain_head_transaction_count,rpc-node:9545,"{""__name__"":""besu_blockchain_chain_head_transaction_count"",""instance"":""rpc-node:9545"",""job"":""besu""}",0.0
2026-09-17T21:56:56.128000+00:00,chain_head_transaction_count,validator-1:9545,"{""__name__"":""besu_blockchain_chain_head_transaction_count"",""instance"":""validator-1:9545"",""job"":""besu""}",0.0
2026-09-17T21:56:56.128000+00:00,chain_head_transaction_count,validator-2:9545,"{""__name__"":""besu_blockchain_chain_head_transaction_count"",""instance"":""validator-2:9545"",""job"":""besu""}",0.0
2026-09-17T21:56:56.128000+00:00,chain_head_transaction_count,validator-3:9545,"{""__name__"":""besu_blockchain_chain_head_transaction_count"",""instance"":""validator-3:9545"",""job"":""besu""}",0.0
2026-09-17T21:56:56.128000+00:00,jvm_memory_used_bytes,rpc-node:9545,"{""__name__"":""jvm_memory_used_bytes"",""area"":""heap"",""instance"":""rpc-node:9545"",""job"":""besu""}",82082176.0
2026-09-17T21:56:56.128000+00:00,jvm_memory_used_bytes,rpc-node:9545,"{""__name__"":""jvm_memory_used_bytes"",""area"":""nonheap"",""instance"":""rpc-node:9545"",""job"":""besu""}",102061168.0
2026-09-17T21:56:56.128000+00:00,jvm_memory_used_bytes,validator-1:9545,"{""__name__"":""jvm_memory_used_bytes"",""area"":""heap"",""instance"":""validator-1:9545"",""job"":""besu""}",133361920.0
2026-09-17T21:56:56.128000+00:00,jvm_memory_used_bytes,validator-1:9545,"{""__name__"":""jvm_memory_used_bytes"",""area"":""nonheap"",""instance"":""validator-1:9545"",""job"":""besu""}",90762440.0
2026-09-17T21:56:56.128000+00:00,jvm_memory_used_bytes,validator-2:9545,"{""__name__"":""jvm_memory_used_bytes"",""area"":""heap"",""instance"":""validator-2:9545"",""job"":""besu""}",131814432.0
2026-09-17T21:56:56.128000+00:00,jvm_memory_used_bytes,validator-2:9545,"{""__name__"":""jvm_memory_used_bytes"",""area"":""nonheap"",""instance"":""validator-2:9545"",""job"":""besu""}",91460056.0
2026-09-17T21:56:56.128000+00:00,jvm_memory_used_bytes,validator-3:9545,"{""__name__"":""jvm_memory_used_bytes"",""area"":""heap"",""instance"":""validator-3:9545"",""job"":""besu""}",134561792.0
2026-09-17T21:56:56.128000+00:00,jvm_memory_used_bytes,validator-3:9545,"{""__name__"":""jvm_memory_used_bytes"",""area"":""nonheap"",""instance"":""validator-3:9545"",""job"":""besu""}",91170592.0
2026-09-17T21:56:56.128000+00:00,node_up,rpc-node:9545,"{""__name__"":""up"",""instance"":""rpc-node:9545"",""job"":""besu""}",1.0
2026-09-17T21:56:56.128000+00:00,node_up,validator-1:9545,"{""__name__"":""up"",""instance"":""validator-1:9545"",""job"":""besu""}",1.0
2026-09-17T21:56:56.128000+00:00,node_up,validator-2:9545,"{""__name__"":""up"",""instance"":""validator-2:9545"",""job"":""besu""}",1.0
2026-09-17T21:56:56.128000+00:00,node_up,validator-3:9545,"{""__name__"":""up"",""instance"":""validator-3:9545"",""job"":""besu""}",1.0
2026-09-17T21:56:56.128000+00:00,node_up,validator-4:9545,"{""__name__"":""up"",""instance"":""validator-4:9545"",""job"":""besu""}",0.0
2026-09-17T21:56:56.128000+00:00,peer_count,rpc-node:9545,"{""__name__"":""ethereum_peer_count"",""instance"":""rpc-node:9545"",""job"":""besu""}",3.0
2026-09-17T21:56:56.128000+00:00,peer_count,validator-1:9545,"{""__name__"":""ethereum_peer_count"",""instance"":""validator-1:9545"",""job"":""besu""}",3.0
2026-09-17T21:56:56.128000+00:00,peer_count,validator-2:9545,"{""__name__"":""ethereum_peer_count"",""instance"":""validator-2:9545"",""job"":""besu""}",3.0
2026-09-17T21:56:56.128000+00:00,peer_count,validator-3:9545,"{""__name__"":""ethereum_peer_count"",""instance"":""validator-3:9545"",""job"":""besu""}",3.0
2026-09-17T21:56:56.128000+00:00,process_cpu_rate,rpc-node:9545,"{""instance"":""rpc-node:9545"",""job"":""besu""}",0.05673584673953094
2026-09-17T21:56:56.128000+00:00,process_cpu_rate,validator-1:9545,"{""instance"":""validator-1:9545"",""job"":""besu""}",0.03343859649123675
2026-09-17T21:56:56.128000+00:00,process_cpu_rate,validator-2:9545,"{""instance"":""validator-2:9545"",""job"":""besu""}",0.0349828243806116
2026-09-17T21:56:56.128000+00:00,process_cpu_rate,validator-3:9545,"{""instance"":""validator-3:9545"",""job"":""besu""}",0.032421052631571794
2026-09-17T21:56:56.128000+00:00,process_resident_memory_bytes,rpc-node:9545,"{""__name__"":""process_resident_memory_bytes"",""instance"":""rpc-node:9545"",""job"":""besu""}",455331840.0
2026-09-17T21:56:56.128000+00:00,process_resident_memory_bytes,validator-1:9545,"{""__name__"":""process_resident_memory_bytes"",""instance"":""validator-1:9545"",""job"":""besu""}",657465344.0
2026-09-17T21:56:56.128000+00:00,process_resident_memory_bytes,validator-2:9545,"{""__name__"":""process_resident_memory_bytes"",""instance"":""validator-2:9545"",""job"":""besu""}",664612864.0
2026-09-17T21:56:56.128000+00:00,process_resident_memory_bytes,validator-3:9545,"{""__name__"":""process_resident_memory_bytes"",""instance"":""validator-3:9545"",""job"":""besu""}",628580352.0
2026-09-17T21:56:56.128000+00:00,rpc_active_connections,rpc-node:9545,"{""__name__"":""besu_rpc_active_http_connection_count"",""instance"":""rpc-node:9545"",""job"":""besu""}",101.0
2026-09-17T21:56:56.128000+00:00,sync_status,rpc-node:9545,"{""__name__"":""besu_synchronizer_in_sync"",""instance"":""rpc-node:9545"",""job"":""besu""}",1.0
2026-09-17T21:56:56.128000+00:00,sync_status,validator-1:9545,"{""__name__"":""besu_synchronizer_in_sync"",""instance"":""validator-1:9545"",""job"":""besu""}",1.0
2026-09-17T21:56:56.128000+00:00,sync_status,validator-2:9545,"{""__name__"":""besu_synchronizer_in_sync"",""instance"":""validator-2:9545"",""job"":""besu""}",1.0
2026-09-17T21:56:56.128000+00:00,sync_status,validator-3:9545,"{""__name__"":""besu_synchronizer_in_sync"",""instance"":""validator-3:9545"",""job"":""besu""}",1.0
2026-09-17T21:56:56.128000+00:00,transaction_pool,rpc-node:9545,"{""__name__"":""besu_transaction_pool_number_of_transactions"",""instance"":""rpc-node:9545"",""job"":""besu"",""layer"":""prioritized""}",0.0
2026-09-17T21:56:56.128000+00:00,transaction_pool,rpc-node:9545,"{""__name__"":""besu_transaction_pool_number_of_transactions"",""instance"":""rpc-node:9545"",""job"":""besu"",""layer"":""ready""}",0.0
2026-09-17T21:56:56.128000+00:00,transaction_pool,rpc-node:9545,"{""__name__"":""besu_transaction_pool_number_of_transactions"",""instance"":""rpc-node:9545"",""job"":""besu"",""layer"":""sparse""}",0.0
2026-09-17T21:56:56.128000+00:00,transaction_pool,validator-1:9545,"{""__name__"":""besu_transaction_pool_number_of_transactions"",""instance"":""validator-1:9545"",""job"":""besu"",""layer"":""prioritized""}",81.0
2026-09-17T21:56:56.128000+00:00,transaction_pool,validator-1:9545,"{""__name__"":""besu_transaction_pool_number_of_transactions"",""instance"":""validator-1:9545"",""job"":""besu"",""layer"":""ready""}",0.0
2026-09-17T21:56:56.128000+00:00,transaction_pool,validator-1:9545,"{""__name__"":""besu_transaction_pool_number_of_transactions"",""instance"":""validator-1:9545"",""job"":""besu"",""layer"":""sparse""}",0.0
2026-09-17T21:56:56.128000+00:00,transaction_pool,validator-2:9545,"{""__name__"":""besu_transaction_pool_number_of_transactions"",""instance"":""validator-2:9545"",""job"":""besu"",""layer"":""prioritized""}",52.0
2026-09-17T21:56:56.128000+00:00,transaction_pool,validator-2:9545,"{""__name__"":""besu_transaction_pool_number_of_transactions"",""instance"":""validator-2:9545"",""job"":""besu"",""layer"":""ready""}",0.0
2026-09-17T21:56:56.128000+00:00,transaction_pool,validator-2:9545,"{""__name__"":""besu_transaction_pool_number_of_transactions"",""instance"":""validator-2:9545"",""job"":""besu"",""layer"":""sparse""}",0.0
2026-09-17T21:56:56.128000+00:00,transaction_pool,validator-3:9545,"{""__name__"":""besu_transaction_pool_number_of_transactions"",""instance"":""validator-3:9545"",""job"":""besu"",""layer"":""prioritized""}",70.0
2026-09-17T21:56:56.128000+00:00,transaction_pool,validator-3:9545,"{""__name__"":""besu_transaction_pool_number_of_transactions"",""instance"":""validator-3:9545"",""job"":""besu"",""layer"":""ready""}",0.0
2026-09-17T21:56:56.128000+00:00,transaction_pool,validator-3:9545,"{""__name__"":""besu_transaction_pool_number_of_transactions"",""instance"":""validator-3:9545"",""job"":""besu"",""layer"":""sparse""}",0.0
