condition,timestamp,active_validators,active_besu_processes,block_rate_rpc_blocks_per_s,block_interval_rpc_s,besu_cpu_total_cores,besu_cpu_mean_per_process_cores,besu_memory_total_mib,besu_memory_mean_per_process_mib,rpc_txpool_total
4/4,2026-09-19 21:30:00,4,5,0.200000,5.000000,0.192500,0.038500,1923.000,384.600,1
4/4,2026-09-19 21:30:15,4,5,0.200000,5.000000,0.197000,0.039400,1939.000,387.800,0
4/4,2026-09-19 21:30:30,4,5,0.200000,5.000000,0.197900,0.039580,1874.000,374.800,0
4/4,2026-09-19 21:30:45,4,5,0.200000,5.000000,0.200200,0.040040,1888.000,377.600,0
4/4,2026-09-19 21:31:00,4,5,0.200000,5.000000,0.198000,0.039600,1880.000,376.000,0
4/4,2026-09-19 21:31:15,4,5,0.200000,5.000000,0.197900,0.039580,1888.000,377.600,0
4/4,2026-09-19 21:31:30,4,5,0.200000,5.000000,0.198800,0.039760,1880.000,376.000,0
4/4,2026-09-19 21:31:45,4,5,0.200000,5.000000,0.197800,0.039560,1877.000,375.400,0
4/4,2026-09-19 21:32:00,4,5,0.200000,5.000000,0.198600,0.039720,1879.000,375.800,0
4/4,2026-09-19 21:32:15,4,5,0.200000,5.000000,0.208400,0.041680,1895.000,379.000,0
4/4,2026-09-19 21:32:30,4,5,0.200000,5.000000,0.215400,0.043080,1891.000,378.200,0
4/4,2026-09-19 21:32:45,4,5,0.200000,5.000000,0.218300,0.043660,1895.000,379.000,0
4/4,2026-09-19 21:33:00,4,5,0.200000,5.000000,0.217400,0.043480,1879.000,375.800,0
4/4,2026-09-19 21:33:15,4,5,0.200000,5.000000,0.217200,0.043440,1886.000,377.200,0
4/4,2026-09-19 21:33:30,4,5,0.200000,5.000000,0.219300,0.043860,1871.000,374.200,0
4/4,2026-09-19 21:33:45,4,5,0.200000,5.000000,0.222100,0.044420,1889.000,377.800,0
4/4,2026-09-19 21:34:00,4,5,0.200000,5.000000,0.227100,0.045420,1917.000,383.400,0
4/4,2026-09-19 21:34:15,4,5,0.200000,5.000000,0.229800,0.045960,1909.000,381.800,0
4/4,2026-09-19 21:34:30,4,5,0.200000,5.000000,0.234000,0.046800,1906.000,381.200,0
4/4,2026-09-19 21:34:45,4,5,0.200000,5.000000,0.233200,0.046640,1916.000,383.200,0
4/4,2026-09-19 21:35:00,4,5,0.200000,5.000000,0.231300,0.046260,1902.000,380.400,0
4/4,2026-09-19 21:35:15,4,5,0.200000,5.000000,0.234500,0.046900,1901.000,380.200,0
4/4,2026-09-19 21:35:30,4,5,0.200000,5.000000,0.238200,0.047640,1899.000,379.800,0
4/4,2026-09-19 21:35:45,4,5,0.200000,5.000000,0.240900,0.048180,1900.000,380.000,0
4/4,2026-09-19 21:36:00,4,5,0.200000,5.000000,0.244200,0.048840,1902.000,380.400,0
4/4,2026-09-19 21:36:15,4,5,0.200000,5.000000,0.246800,0.049360,1896.000,379.200,0
4/4,2026-09-19 21:36:30,4,5,0.200000,5.000000,0.251700,0.050340,1901.000,380.200,0
4/4,2026-09-19 21:36:45,4,5,0.200000,5.000000,0.254500,0.050900,1899.000,379.800,0
4/4,2026-09-19 21:37:00,4,5,0.200000,5.000000,0.251000,0.050200,1905.000,381.000,0
4/4,2026-09-19 21:37:15,4,5,0.200000,5.000000,0.250100,0.050020,1893.000,378.600,0
4/4,2026-09-19 21:37:30,4,5,0.200000,5.000000,0.253100,0.050620,1902.000,380.400,0
4/4,2026-09-19 21:37:45,4,5,0.200000,5.000000,0.255900,0.051180,1912.000,382.400,0
4/4,2026-09-19 21:38:00,4,5,0.200000,5.000000,0.259200,0.051840,1911.000,382.200,0
4/4,2026-09-19 21:38:15,4,5,0.200000,5.000000,0.262600,0.052520,1899.000,379.800,0
4/4,2026-09-19 21:38:30,4,5,0.200000,5.000000,0.267700,0.053540,1900.000,380.000,0
4/4,2026-09-19 21:38:45,4,5,0.200000,5.000000,0.267100,0.053420,1899.000,379.800,0
4/4,2026-09-19 21:39:00,4,5,0.200000,5.000000,0.268800,0.053760,1894.000,378.800,0
4/4,2026-09-19 21:39:15,4,5,0.200000,5.000000,0.272400,0.054480,1899.000,379.800,0
4/4,2026-09-19 21:39:30,4,5,0.200000,5.000000,0.272600,0.054520,1899.000,379.800,0
4/4,2026-09-19 21:39:45,4,5,0.200000,5.000000,0.276800,0.055360,1911.000,382.200,0
4/4,2026-09-19 21:40:00,4,5,0.200000,5.000000,0.279000,0.055800,1914.000,382.800,0
4/4,2026-09-19 21:40:15,4,5,0.200000,5.000000,0.281000,0.056200,1913.000,382.600,0
4/4,2026-09-19 21:40:30,4,5,0.200000,5.000000,0.350400,0.070080,2049.000,409.800,22
4/4,2026-09-19 21:40:45,4,5,0.200000,5.000000,0.436000,0.087200,2152.000,430.400,0
4/4,2026-09-19 21:41:00,4,5,0.200000,5.000000,0.511200,0.102240,2148.000,429.600,21
4/4,2026-09-19 21:41:15,4,5,0.200000,5.000000,0.566200,0.113240,2117.000,423.400,32
4/4,2026-09-19 21:41:30,4,5,0.200000,5.000000,0.581000,0.116200,2147.000,429.400,1
4/4,2026-09-19 21:41:45,4,5,0.200000,5.000000,0.583300,0.116660,2263.000,452.600,0
4/4,2026-09-19 21:42:00,4,5,0.200000,5.000000,0.582500,0.116500,2256.000,451.200,1
4/4,2026-09-19 21:42:15,4,5,0.200000,5.000000,0.578100,0.115620,2201.000,440.200,0
4/4,2026-09-19 21:42:30,4,5,0.200000,5.000000,0.572100,0.114420,2224.000,444.800,1
4/4,2026-09-19 21:42:45,4,5,0.200000,5.000000,0.566700,0.113340,2223.000,444.600,0
4/4,2026-09-19 21:43:00,4,5,0.200000,5.000000,0.564900,0.112980,2108.000,421.600,1
4/4,2026-09-19 21:43:15,4,5,0.200000,5.000000,0.561700,0.112340,2075.000,415.000,0
4/4,2026-09-19 21:43:30,4,5,0.200000,5.000000,0.558300,0.111660,2078.000,415.600,1
4/4,2026-09-19 21:43:45,4,5,0.200000,5.000000,0.557800,0.111560,2082.000,416.400,0
4/4,2026-09-19 21:44:00,4,5,0.200000,5.000000,0.551000,0.110200,2077.000,415.400,1
4/4,2026-09-19 21:44:15,4,5,0.200000,5.000000,0.549500,0.109900,2099.000,419.800,0
4/4,2026-09-19 21:44:30,4,5,0.200000,5.000000,0.545100,0.109020,2112.000,422.400,1
4/4,2026-09-19 21:44:45,4,5,0.200000,5.000000,0.540900,0.108180,2096.000,419.200,0
4/4,2026-09-19 21:45:00,4,5,0.200000,5.000000,0.536200,0.107240,2108.000,421.600,1
4/4,2026-09-19 21:45:15,4,5,0.200000,5.000000,0.465800,0.093160,2102.000,420.400,0
4/4,2026-09-19 21:45:30,4,5,0.200000,5.000000,0.377400,0.075480,2081.000,416.200,1
4/4,2026-09-19 21:45:45,4,5,0.200000,5.000000,0.300700,0.060140,2062.000,412.400,0
4/4,2026-09-19 21:46:00,4,5,0.200000,5.000000,0.248500,0.049700,2095.000,419.000,1
4/4,2026-09-19 21:46:15,4,5,0.200000,5.000000,0.230100,0.046020,2083.000,416.600,0
4/4,2026-09-19 21:46:30,4,5,0.200000,5.000000,0.228200,0.045640,2082.000,416.400,1
4/4,2026-09-19 21:46:45,4,5,0.200000,5.000000,0.226300,0.045260,2078.000,415.600,0
4/4,2026-09-19 21:47:00,4,5,0.200000,5.000000,0.228200,0.045640,2090.000,418.000,1
4/4,2026-09-19 21:47:15,4,5,0.200000,5.000000,0.231100,0.046220,2092.000,418.400,0
4/4,2026-09-19 21:47:30,4,5,0.200000,5.000000,0.237400,0.047480,2123.000,424.600,1
4/4,2026-09-19 21:47:45,4,5,0.200000,5.000000,0.240600,0.048120,2120.000,424.000,0
4/4,2026-09-19 21:48:00,4,5,0.200000,5.000000,0.241000,0.048200,2124.000,424.800,1
4/4,2026-09-19 21:48:15,4,5,0.200000,5.000000,0.240100,0.048020,2109.000,421.800,0
4/4,2026-09-19 21:48:30,4,5,0.200000,5.000000,0.242100,0.048420,2122.000,424.400,1
4/4,2026-09-19 21:48:45,4,5,0.200000,5.000000,0.247700,0.049540,2128.000,425.600,0
4/4,2026-09-19 21:49:00,4,5,0.200000,5.000000,0.250100,0.050020,2118.000,423.600,1
4/4,2026-09-19 21:49:15,4,5,0.200000,5.000000,0.250900,0.050180,2135.000,427.000,0
4/4,2026-09-19 21:49:30,4,5,0.200000,5.000000,0.253500,0.050700,2133.000,426.600,1
4/4,2026-09-19 21:49:45,4,5,0.200000,5.000000,0.254400,0.050880,2116.000,423.200,0
4/4,2026-09-19 21:50:00,4,5,0.200000,5.000000,0.255800,0.051160,2118.000,423.600,1
4/4,2026-09-19 21:50:15,4,5,0.200000,5.000000,0.259000,0.051800,2111.000,422.200,0
4/4,2026-09-19 21:50:30,4,5,0.200000,5.000000,0.261900,0.052380,2095.000,419.000,1
4/4,2026-09-19 21:50:45,4,5,0.200000,5.000000,0.259200,0.051840,2096.000,419.200,0
4/4,2026-09-19 21:51:00,4,5,0.200000,5.000000,0.262300,0.052460,2091.000,418.200,1
4/4,2026-09-19 21:51:15,4,5,0.200000,5.000000,0.262800,0.052560,2063.000,412.600,0
4/4,2026-09-19 21:51:30,4,5,0.200000,5.000000,0.265600,0.053120,2061.000,412.200,1
4/4,2026-09-19 21:51:45,4,5,0.200000,5.000000,0.265000,0.053000,2064.000,412.800,0
4/4,2026-09-19 21:52:00,4,5,0.200000,5.000000,0.265200,0.053040,2059.000,411.800,1
4/4,2026-09-19 21:52:15,4,5,0.200000,5.000000,0.262900,0.052580,2072.000,414.400,0
4/4,2026-09-19 21:52:30,4,5,0.200000,5.000000,0.261100,0.052220,2071.000,414.200,1
4/4,2026-09-19 21:52:45,4,5,0.200000,5.000000,0.260200,0.052040,2067.000,413.400,0
4/4,2026-09-19 21:53:00,4,5,0.200000,5.000000,0.260700,0.052140,2068.000,413.600,1
4/4,2026-09-19 21:53:15,4,5,0.200000,5.000000,0.262500,0.052500,2069.000,413.800,0
4/4,2026-09-19 21:53:30,4,5,0.200000,5.000000,0.262600,0.052520,2078.000,415.600,1
4/4,2026-09-19 21:53:45,4,5,0.200000,5.000000,0.261300,0.052260,2095.000,419.000,0
4/4,2026-09-19 21:54:00,4,5,0.200000,5.000000,0.261700,0.052340,2091.000,418.200,1
4/4,2026-09-19 21:54:15,4,5,0.200000,5.000000,0.263400,0.052680,2083.000,416.600,0
4/4,2026-09-19 21:54:30,4,5,0.200000,5.000000,0.265600,0.053120,2082.000,416.400,1
4/4,2026-09-19 21:54:45,4,5,0.200000,5.000000,0.267600,0.053520,2078.000,415.600,0
4/4,2026-09-19 21:55:00,4,5,0.200000,5.000000,0.269400,0.053880,2077.000,415.400,1
4/4,2026-09-19 21:55:15,4,5,0.200000,5.000000,0.270300,0.054060,2083.000,416.600,0
4/4,2026-09-19 21:55:30,4,5,0.200000,5.000000,0.270300,0.054060,2081.000,416.200,1
4/4,2026-09-19 21:55:45,4,5,0.200000,5.000000,0.273300,0.054660,2065.000,413.000,0
4/4,2026-09-19 21:56:00,4,5,0.200000,5.000000,0.275900,0.055180,2088.000,417.600,1
4/4,2026-09-19 21:56:15,4,5,0.200000,5.000000,0.273900,0.054780,2074.000,414.800,0
4/4,2026-09-19 21:56:30,4,5,0.200000,5.000000,0.277400,0.055480,2067.000,413.400,1
4/4,2026-09-19 21:56:45,4,5,0.200000,5.000000,0.279800,0.055960,2081.000,416.200,0
4/4,2026-09-19 21:57:00,4,5,0.200000,5.000000,0.281000,0.056200,2083.000,416.600,1
4/4,2026-09-19 21:57:15,4,5,0.200000,5.000000,0.286000,0.057200,2103.000,420.600,0
4/4,2026-09-19 21:57:30,4,5,0.200000,5.000000,0.290100,0.058020,2130.000,426.000,1
4/4,2026-09-19 21:57:45,4,5,0.200000,5.000000,0.294400,0.058880,2108.000,421.600,0
4/4,2026-09-19 21:58:00,4,5,0.200000,5.000000,0.293800,0.058760,2108.000,421.600,1
4/4,2026-09-19 21:58:15,4,5,0.200000,5.000000,0.346400,0.069280,2248.000,449.600,30
4/4,2026-09-19 21:58:30,4,5,0.200000,5.000000,0.357900,0.071580,2223.000,444.600,1
4/4,2026-09-19 21:58:45,4,5,0.200000,5.000000,0.354300,0.070860,2229.000,445.800,0
4/4,2026-09-19 21:59:00,4,5,0.200000,5.000000,0.350900,0.070180,2213.000,442.600,1
4/4,2026-09-19 21:59:15,4,5,0.200000,5.000000,0.344800,0.068960,2210.000,442.000,0
4/4,2026-09-19 21:59:30,4,5,0.200000,5.000000,0.340600,0.068120,2184.000,436.800,1
4/4,2026-09-19 21:59:45,4,5,0.200000,5.000000,0.334000,0.066800,2187.000,437.400,0
4/4,2026-09-19 22:00:00,4,5,0.200000,5.000000,0.329100,0.065820,2176.000,435.200,1
4/4,2026-09-19 22:00:15,4,5,0.200000,5.000000,0.328200,0.065640,2197.000,439.400,0
4/4,2026-09-19 22:00:30,4,5,0.200000,5.000000,0.321100,0.064220,2194.000,438.800,1
4/4,2026-09-19 22:00:45,4,5,0.200000,5.000000,0.314900,0.062980,2182.000,436.400,0
4/4,2026-09-19 22:01:00,4,5,0.200000,5.000000,0.313400,0.062680,2178.000,435.600,1
4/4,2026-09-19 22:01:15,4,5,0.200000,5.000000,0.305900,0.061180,2190.000,438.000,0
4/4,2026-09-19 22:01:30,4,5,0.200000,5.000000,0.302100,0.060420,2183.000,436.600,1
4/4,2026-09-19 22:01:45,4,5,0.200000,5.000000,0.295500,0.059100,2186.000,437.200,0
4/4,2026-09-19 22:02:00,4,5,0.200000,5.000000,0.288000,0.057600,2180.000,436.000,1
4/4,2026-09-19 22:02:15,4,5,0.200000,5.000000,0.282500,0.056500,2184.000,436.800,0
4/4,2026-09-19 22:02:30,4,5,0.200000,5.000000,0.276100,0.055220,2171.000,434.200,1
4/4,2026-09-19 22:02:45,4,5,0.200000,5.000000,0.271700,0.054340,2181.000,436.200,0
4/4,2026-09-19 22:03:00,4,5,0.200000,5.000000,0.213700,0.042740,2174.000,434.800,1
4/4,2026-09-19 22:03:15,4,5,0.200000,5.000000,0.202600,0.040520,2203.000,440.600,0
4/4,2026-09-19 22:03:30,4,5,0.200000,5.000000,0.207000,0.041400,2208.000,441.600,1
4/4,2026-09-19 22:03:45,4,5,0.200000,5.000000,0.206300,0.041260,2183.000,436.600,0
4/4,2026-09-19 22:04:00,4,5,0.200000,5.000000,0.208000,0.041600,2190.000,438.000,1
4/4,2026-09-19 22:04:15,4,5,0.200000,5.000000,0.206800,0.041360,2193.000,438.600,0
4/4,2026-09-19 22:04:30,4,5,0.200000,5.000000,0.208700,0.041740,2193.000,438.600,1
4/4,2026-09-19 22:04:45,4,5,0.200000,5.000000,0.207700,0.041540,2192.000,438.400,0
4/4,2026-09-19 22:05:00,4,5,0.200000,5.000000,0.208300,0.041660,2173.000,434.600,1
4/4,2026-09-19 22:05:15,4,5,0.200000,5.000000,0.210000,0.042000,2173.000,434.600,0
4/4,2026-09-19 22:05:30,4,5,0.200000,5.000000,0.211700,0.042340,2172.000,434.400,1
4/4,2026-09-19 22:05:45,4,5,0.200000,5.000000,0.214200,0.042840,2199.000,439.800,0
4/4,2026-09-19 22:06:00,4,5,0.200000,5.000000,0.214900,0.042980,2199.000,439.800,1
4/4,2026-09-19 22:06:15,4,5,0.200000,5.000000,0.214600,0.042920,2198.000,439.600,0
4/4,2026-09-19 22:06:30,4,5,0.200000,5.000000,0.219500,0.043900,2227.000,445.400,1
4/4,2026-09-19 22:06:45,4,5,0.200000,5.000000,0.220300,0.044060,2234.000,446.800,0
4/4,2026-09-19 22:07:00,4,5,0.200000,5.000000,0.222400,0.044480,2224.000,444.800,1
4/4,2026-09-19 22:07:15,4,5,0.200000,5.000000,0.223300,0.044660,2165.000,433.000,0
4/4,2026-09-19 22:07:30,4,5,0.200000,5.000000,0.223600,0.044720,2175.000,435.000,1
4/4,2026-09-19 22:07:45,4,5,0.200000,5.000000,0.222200,0.044440,2177.000,435.400,0
4/4,2026-09-19 22:08:00,4,5,0.200000,5.000000,0.219000,0.043800,2176.000,435.200,1
4/4,2026-09-19 22:08:15,4,5,0.200000,5.000000,0.215000,0.043000,2174.000,434.800,0
4/4,2026-09-19 22:08:30,4,5,0.200000,5.000000,0.214200,0.042840,2177.000,435.400,1
4/4,2026-09-19 22:08:45,4,5,0.200000,5.000000,0.218200,0.043640,2183.000,436.600,0
4/4,2026-09-19 22:09:00,4,5,0.200000,5.000000,0.218100,0.043620,2179.000,435.800,1
4/4,2026-09-19 22:09:15,4,5,0.200000,5.000000,0.218000,0.043600,2165.000,433.000,0
4/4,2026-09-19 22:09:30,4,5,0.200000,5.000000,0.219100,0.043820,2170.000,434.000,1
4/4,2026-09-19 22:09:45,4,5,0.200000,5.000000,0.216100,0.043220,2170.000,434.000,0
4/4,2026-09-19 22:10:00,4,5,0.200000,5.000000,0.217800,0.043560,2164.000,432.800,1
4/4,2026-09-19 22:10:15,4,5,0.200000,5.000000,0.215300,0.043060,2157.000,431.400,0
4/4,2026-09-19 22:10:30,4,5,0.200000,5.000000,0.211900,0.042380,2157.000,431.400,1
4/4,2026-09-19 22:10:45,4,5,0.200000,5.000000,0.212500,0.042500,2153.000,430.600,0
4/4,2026-09-19 22:11:00,4,5,0.200000,5.000000,0.210000,0.042000,2155.000,431.000,1
4/4,2026-09-19 22:11:15,4,5,0.200000,5.000000,0.206100,0.041220,2154.000,430.800,0
4/4,2026-09-19 22:11:30,4,5,0.200000,5.000000,0.205700,0.041140,2185.000,437.000,1
4/4,2026-09-19 22:11:45,4,5,0.200000,5.000000,0.201700,0.040340,2185.000,437.000,0
4/4,2026-09-19 22:12:00,4,5,0.200000,5.000000,0.201700,0.040340,2200.000,440.000,1
4/4,2026-09-19 22:12:15,4,5,0.200000,5.000000,0.202100,0.040420,2204.000,440.800,0
4/4,2026-09-19 22:12:30,4,5,0.200000,5.000000,0.204400,0.040880,2141.000,428.200,1
4/4,2026-09-19 22:12:45,4,5,0.200000,5.000000,0.202200,0.040440,2143.000,428.600,0
4/4,2026-09-19 22:13:00,4,5,0.200000,5.000000,0.205700,0.041140,2156.000,431.200,1
4/4,2026-09-19 22:13:15,4,5,0.200000,5.000000,0.207000,0.041400,2140.000,428.000,0
4/4,2026-09-19 22:13:30,4,5,0.200000,5.000000,0.202400,0.040480,2126.000,425.200,1
4/4,2026-09-19 22:13:45,4,5,0.200000,5.000000,0.204800,0.040960,2113.000,422.600,0
4/4,2026-09-19 22:14:00,4,5,0.200000,5.000000,0.202800,0.040560,2109.000,421.800,1
4/4,2026-09-19 22:14:15,4,5,0.200000,5.000000,0.204100,0.040820,2120.000,424.000,0
4/4,2026-09-19 22:14:30,4,5,0.200000,5.000000,0.205800,0.041160,2104.000,420.800,1
4/4,2026-09-19 22:14:45,4,5,0.200000,5.000000,0.202600,0.040520,2088.000,417.600,0
4/4,2026-09-19 22:15:00,4,5,0.200000,5.000000,0.203200,0.040640,2089.000,417.800,1
4/4,2026-09-19 22:15:15,4,5,0.200000,5.000000,0.250000,0.050000,2181.000,436.200,31
4/4,2026-09-19 22:15:30,4,5,0.200000,5.000000,0.260600,0.052120,2219.000,443.800,1
4/4,2026-09-19 22:15:45,4,5,0.200000,5.000000,0.263800,0.052760,2208.000,441.600,0
4/4,2026-09-19 22:16:00,4,5,0.200000,5.000000,0.264100,0.052820,2208.000,441.600,1
4/4,2026-09-19 22:16:15,4,5,0.200000,5.000000,0.262300,0.052460,2207.000,441.400,0
4/4,2026-09-19 22:16:30,4,5,0.200000,5.000000,0.265500,0.053100,2191.000,438.200,1
4/4,2026-09-19 22:16:45,4,5,0.200000,5.000000,0.262300,0.052460,2192.000,438.400,0
4/4,2026-09-19 22:17:00,4,5,0.200000,5.000000,0.264800,0.052960,2114.000,422.800,1
4/4,2026-09-19 22:17:15,4,5,0.200000,5.000000,0.263400,0.052680,2103.000,420.600,0
4/4,2026-09-19 22:17:30,4,5,0.200000,5.000000,0.265000,0.053000,2100.000,420.000,1
4/4,2026-09-19 22:17:45,4,5,0.200000,5.000000,0.262700,0.052540,2102.000,420.400,0
4/4,2026-09-19 22:18:00,4,5,0.200000,5.000000,0.260200,0.052040,2100.000,420.000,1
4/4,2026-09-19 22:18:15,4,5,0.200000,5.000000,0.260600,0.052120,2101.000,420.200,0
4/4,2026-09-19 22:18:30,4,5,0.200000,5.000000,0.260400,0.052080,2097.000,419.400,1
4/4,2026-09-19 22:18:45,4,5,0.200000,5.000000,0.261300,0.052260,2097.000,419.400,0
4/4,2026-09-19 22:19:00,4,5,0.200000,5.000000,0.261000,0.052200,2080.000,416.000,1
4/4,2026-09-19 22:19:15,4,5,0.200000,5.000000,0.262600,0.052520,2092.000,418.400,0
4/4,2026-09-19 22:19:30,4,5,0.200000,5.000000,0.262700,0.052540,2096.000,419.200,1
4/4,2026-09-19 22:19:45,4,5,0.200000,5.000000,0.264200,0.052840,2097.000,419.400,0
4/4,2026-09-19 22:20:00,4,5,0.200000,5.000000,0.218700,0.043740,2097.000,419.400,1
4/4,2026-09-19 22:20:15,4,5,0.200000,5.000000,0.208700,0.041740,2090.000,418.000,0
4/4,2026-09-19 22:20:30,4,5,0.200000,5.000000,0.210500,0.042100,2048.000,409.600,1
4/4,2026-09-19 22:20:45,4,5,0.200000,5.000000,0.211300,0.042260,2057.000,411.400,0
4/4,2026-09-19 22:21:00,4,5,0.200000,5.000000,0.212300,0.042460,2047.000,409.400,1
4/4,2026-09-19 22:21:15,4,5,0.200000,5.000000,0.212100,0.042420,2051.000,410.200,0
4/4,2026-09-19 22:21:30,4,5,0.200000,5.000000,0.215400,0.043080,2040.000,408.000,1
4/4,2026-09-19 22:21:45,4,5,0.200000,5.000000,0.214500,0.042900,2037.000,407.400,0
4/4,2026-09-19 22:22:00,4,5,0.200000,5.000000,0.216100,0.043220,2049.000,409.800,1
4/4,2026-09-19 22:22:15,4,5,0.200000,5.000000,0.218300,0.043660,2048.000,409.600,0
4/4,2026-09-19 22:22:30,4,5,0.200000,5.000000,0.219500,0.043900,2052.000,410.400,1
4/4,2026-09-19 22:22:45,4,5,0.200000,5.000000,0.223300,0.044660,2061.000,412.200,0
4/4,2026-09-19 22:23:00,4,5,0.200000,5.000000,0.224000,0.044800,2044.000,408.800,1
4/4,2026-09-19 22:23:15,4,5,0.200000,5.000000,0.224500,0.044900,2042.000,408.400,0
4/4,2026-09-19 22:23:30,4,5,0.200000,5.000000,0.226700,0.045340,2035.000,407.000,1
4/4,2026-09-19 22:23:45,4,5,0.200000,5.000000,0.227700,0.045540,2040.000,408.000,0
4/4,2026-09-19 22:24:00,4,5,0.200000,5.000000,0.229900,0.045980,2040.000,408.000,1
4/4,2026-09-19 22:24:15,4,5,0.200000,5.000000,0.231500,0.046300,2033.000,406.600,0
4/4,2026-09-19 22:24:30,4,5,0.200000,5.000000,0.231400,0.046280,2041.000,408.200,1
4/4,2026-09-19 22:24:45,4,5,0.200000,5.000000,0.230700,0.046140,2040.000,408.000,0
4/4,2026-09-19 22:25:00,4,5,0.200000,5.000000,0.231100,0.046220,2047.000,409.400,1
4/4,2026-09-19 22:25:15,4,5,0.200000,5.000000,0.229800,0.045960,2060.000,412.000,0
4/4,2026-09-19 22:25:30,4,5,0.200000,5.000000,0.230900,0.046180,2053.000,410.600,1
4/4,2026-09-19 22:25:45,4,5,0.200000,5.000000,0.232400,0.046480,2021.000,404.200,0
4/4,2026-09-19 22:26:00,4,5,0.200000,5.000000,0.231700,0.046340,2022.000,404.400,1
4/4,2026-09-19 22:26:15,4,5,0.200000,5.000000,0.231100,0.046220,2015.000,403.000,0
4/4,2026-09-19 22:26:30,4,5,0.200000,5.000000,0.231100,0.046220,2023.000,404.600,1
4/4,2026-09-19 22:26:45,4,5,0.200000,5.000000,0.232900,0.046580,2038.000,407.600,0
4/4,2026-09-19 22:27:00,4,5,0.200000,5.000000,0.231300,0.046260,2040.000,408.000,1
4/4,2026-09-19 22:27:15,4,5,0.200000,5.000000,0.231200,0.046240,2041.000,408.200,0
4/4,2026-09-19 22:27:30,4,5,0.200000,5.000000,0.230700,0.046140,2030.000,406.000,1
4/4,2026-09-19 22:27:45,4,5,0.200000,5.000000,0.230900,0.046180,2012.000,402.400,0
4/4,2026-09-19 22:28:00,4,5,0.200000,5.000000,0.231000,0.046200,2013.000,402.600,1
4/4,2026-09-19 22:28:15,4,5,0.200000,5.000000,0.229800,0.045960,2040.000,408.000,0
4/4,2026-09-19 22:28:30,4,5,0.200000,5.000000,0.225100,0.045020,2036.000,407.200,1
4/4,2026-09-19 22:28:45,4,5,0.200000,5.000000,0.221000,0.044200,2029.000,405.800,0
4/4,2026-09-19 22:29:00,4,5,0.200000,5.000000,0.220500,0.044100,2033.000,406.600,1
4/4,2026-09-19 22:29:15,4,5,0.200000,5.000000,0.222900,0.044580,2013.000,402.600,0
4/4,2026-09-19 22:29:30,4,5,0.200000,5.000000,0.221800,0.044360,2003.000,400.600,1
4/4,2026-09-19 22:29:45,4,5,0.200000,5.000000,0.221500,0.044300,2007.000,401.400,0
4/4,2026-09-19 22:30:00,4,5,0.200000,5.000000,0.220300,0.044060,1994.000,398.800,1
4/4,2026-09-19 22:30:15,4,5,0.200000,5.000000,0.221500,0.044300,1998.000,399.600,0
4/4,2026-09-19 22:30:30,4,5,0.200000,5.000000,0.221700,0.044340,1996.000,399.200,1
4/4,2026-09-19 22:30:45,4,5,0.200000,5.000000,0.221500,0.044300,1995.000,399.000,0
4/4,2026-09-19 22:31:00,4,5,0.200000,5.000000,0.222800,0.044560,1997.000,399.400,1
4/4,2026-09-19 22:31:15,4,5,0.200000,5.000000,0.222600,0.044520,2013.000,402.600,0
4/4,2026-09-19 22:31:30,4,5,0.200000,5.000000,0.221000,0.044200,2002.000,400.400,1
4/4,2026-09-19 22:31:45,4,5,0.200000,5.000000,0.219500,0.043900,2001.000,400.200,0
4/4,2026-09-19 22:32:00,4,5,0.200000,5.000000,0.220100,0.044020,2004.000,400.800,1
4/4,2026-09-19 22:32:15,4,5,0.200000,5.000000,0.261200,0.052240,2054.000,410.800,33
4/4,2026-09-19 22:32:30,4,5,0.200000,5.000000,0.267600,0.053520,2188.000,437.600,0
4/4,2026-09-19 22:32:45,4,5,0.200000,5.000000,0.261400,0.052280,2186.000,437.200,0
4/4,2026-09-19 22:33:00,4,5,0.200000,5.000000,0.257700,0.051540,2180.000,436.000,0
4/4,2026-09-19 22:33:15,4,5,0.200000,5.000000,0.257800,0.051560,2169.000,433.800,0
4/4,2026-09-19 22:33:30,4,5,0.200000,5.000000,0.255800,0.051160,2141.000,428.200,0
4/4,2026-09-19 22:33:45,4,5,0.200000,5.000000,0.251100,0.050220,2141.000,428.200,0
4/4,2026-09-19 22:34:00,4,5,0.200000,5.000000,0.246500,0.049300,2145.000,429.000,0
4/4,2026-09-19 22:34:15,4,5,0.200000,5.000000,0.247000,0.049400,2144.000,428.800,0
4/4,2026-09-19 22:34:30,4,5,0.200000,5.000000,0.243900,0.048780,2149.000,429.800,0
4/4,2026-09-19 22:34:45,4,5,0.200000,5.000000,0.240700,0.048140,2152.000,430.400,0
4/4,2026-09-19 22:35:00,4,5,0.200000,5.000000,0.236600,0.047320,2153.000,430.600,0
4/4,2026-09-19 22:35:15,4,5,0.200000,5.000000,0.234200,0.046840,2155.000,431.000,0
4/4,2026-09-19 22:35:30,4,5,0.200000,5.000000,0.228600,0.045720,2151.000,430.200,0
4/4,2026-09-19 22:35:45,4,5,0.200000,5.000000,0.225600,0.045120,2151.000,430.200,0
4/4,2026-09-19 22:36:00,4,5,0.200000,5.000000,0.221800,0.044360,2153.000,430.600,0
4/4,2026-09-19 22:36:15,4,5,0.200000,5.000000,0.218400,0.043680,2153.000,430.600,0
4/4,2026-09-19 22:36:30,4,5,0.200000,5.000000,0.216400,0.043280,2149.000,429.800,0
4/4,2026-09-19 22:36:45,4,5,0.200000,5.000000,0.213300,0.042660,2148.000,429.600,0
4/4,2026-09-19 22:37:00,4,5,0.200000,5.000000,0.166800,0.033360,2144.000,428.800,0
4/4,2026-09-19 22:37:15,4,5,0.200000,5.000000,0.159100,0.031820,2142.000,428.400,0
4/4,2026-09-19 22:37:30,4,5,0.200000,5.000000,0.161300,0.032260,2143.000,428.600,0
4/4,2026-09-19 22:37:45,4,5,0.200000,5.000000,0.162400,0.032480,2136.000,427.200,0
4/4,2026-09-19 22:38:00,4,5,0.200000,5.000000,0.163000,0.032600,2141.000,428.200,0
4/4,2026-09-19 22:38:15,4,5,0.200000,5.000000,0.163300,0.032660,2140.000,428.000,0
4/4,2026-09-19 22:38:30,4,5,0.200000,5.000000,0.165400,0.033080,2139.000,427.800,0
4/4,2026-09-19 22:38:45,4,5,0.200000,5.000000,0.166000,0.033200,2138.000,427.600,0
4/4,2026-09-19 22:39:00,4,5,0.200000,5.000000,0.166000,0.033200,2137.000,427.400,0
4/4,2026-09-19 22:39:15,4,5,0.200000,5.000000,0.165400,0.033080,2138.000,427.600,0
4/4,2026-09-19 22:39:30,4,5,0.200000,5.000000,0.168000,0.033600,2136.000,427.200,0
4/4,2026-09-19 22:39:45,4,5,0.200000,5.000000,0.167500,0.033500,2138.000,427.600,0
4/4,2026-09-19 22:40:00,4,5,0.200000,5.000000,0.165800,0.033160,2137.000,427.400,0
3/4,2026-09-19 23:44:45,3,4,0.123000,8.140000,0.328800,0.082200,1621.000,405.250,0
3/4,2026-09-19 23:45:00,3,4,0.119000,8.380000,0.324000,0.081000,1629.000,407.250,1
3/4,2026-09-19 23:45:15,3,4,0.119000,8.380000,0.319900,0.079975,1617.000,404.250,1
3/4,2026-09-19 23:45:30,3,4,0.123000,8.140000,0.317500,0.079375,1619.000,404.750,1
3/4,2026-09-19 23:45:45,3,4,0.116000,8.640000,0.311500,0.077875,1619.000,404.750,0
3/4,2026-09-19 23:46:00,3,4,0.123000,8.140000,0.302600,0.075650,1617.000,404.250,1
3/4,2026-09-19 23:46:15,3,4,0.119000,8.380000,0.294000,0.073500,1614.000,403.500,0
3/4,2026-09-19 23:46:30,3,4,0.119000,8.380000,0.245900,0.061475,1612.000,403.000,0
3/4,2026-09-19 23:46:45,3,4,0.123000,8.140000,0.239900,0.059975,1613.000,403.250,0
3/4,2026-09-19 23:47:00,3,4,0.116000,8.640000,0.206400,0.051600,1606.000,401.500,1
3/4,2026-09-19 23:47:15,3,4,0.123000,8.140000,0.200500,0.050125,1608.000,402.000,0
3/4,2026-09-19 23:47:30,3,4,0.119000,8.380000,0.168200,0.042050,1613.000,403.250,1
3/4,2026-09-19 23:47:45,3,4,0.119000,8.380000,0.151400,0.037850,1613.000,403.250,1
3/4,2026-09-19 23:48:00,3,4,0.123000,8.140000,0.154300,0.038575,1616.000,404.000,1
3/4,2026-09-19 23:48:15,3,4,0.116000,8.640000,0.155700,0.038925,1621.000,405.250,0
3/4,2026-09-19 23:48:30,3,4,0.123000,8.140000,0.154000,0.038500,1623.000,405.750,1
3/4,2026-09-19 23:48:45,3,4,0.119000,8.380000,0.155900,0.038975,1612.000,403.000,0
3/4,2026-09-19 23:49:00,3,4,0.119000,8.380000,0.152400,0.038100,1618.000,404.500,0
3/4,2026-09-19 23:49:15,3,4,0.123000,8.140000,0.154500,0.038625,1612.000,403.000,0
3/4,2026-09-19 23:49:30,3,4,0.116000,8.640000,0.154400,0.038600,1615.000,403.750,1
3/4,2026-09-19 23:49:45,3,4,0.123000,8.140000,0.152800,0.038200,1607.000,401.750,0
3/4,2026-09-19 23:50:00,3,4,0.119000,8.380000,0.151800,0.037950,1605.000,401.250,1
3/4,2026-09-19 23:50:15,3,4,0.119000,8.380000,0.151600,0.037900,1605.000,401.250,1
3/4,2026-09-19 23:50:30,3,4,0.123000,8.140000,0.154300,0.038575,1607.000,401.750,1
3/4,2026-09-19 23:50:45,3,4,0.116000,8.640000,0.152300,0.038075,1592.000,398.000,0
3/4,2026-09-19 23:51:00,3,4,0.123000,8.140000,0.151800,0.037950,1593.000,398.250,1
3/4,2026-09-19 23:51:15,3,4,0.119000,8.380000,0.157100,0.039275,1593.000,398.250,0
3/4,2026-09-19 23:51:30,3,4,0.119000,8.380000,0.157800,0.039450,1606.000,401.500,0
3/4,2026-09-19 23:51:45,3,4,0.123000,8.140000,0.156500,0.039125,1606.000,401.500,0
3/4,2026-09-19 23:52:00,3,4,0.116000,8.640000,0.153600,0.038400,1607.000,401.750,1
3/4,2026-09-19 23:52:15,3,4,0.123000,8.140000,0.156300,0.039075,1605.000,401.250,0
3/4,2026-09-19 23:52:30,3,4,0.119000,8.380000,0.157500,0.039375,1607.000,401.750,1
3/4,2026-09-19 23:52:45,3,4,0.119000,8.380000,0.157600,0.039400,1609.000,402.250,1
3/4,2026-09-19 23:53:00,3,4,0.123000,8.140000,0.159500,0.039875,1597.000,399.250,1
3/4,2026-09-19 23:53:15,3,4,0.116000,8.640000,0.161400,0.040350,1601.000,400.250,0
3/4,2026-09-19 23:53:30,3,4,0.123000,8.140000,0.161300,0.040325,1601.000,400.250,1
3/4,2026-09-19 23:53:45,3,4,0.119000,8.380000,0.165800,0.041450,1601.000,400.250,0
3/4,2026-09-19 23:54:00,3,4,0.119000,8.380000,0.164100,0.041025,1594.000,398.500,0
3/4,2026-09-19 23:54:15,3,4,0.123000,8.140000,0.166000,0.041500,1596.000,399.000,0
3/4,2026-09-19 23:54:30,3,4,0.116000,8.640000,0.168900,0.042225,1592.000,398.000,1
3/4,2026-09-19 23:54:45,3,4,0.123000,8.140000,0.172700,0.043175,1592.000,398.000,0
3/4,2026-09-19 23:55:00,3,4,0.119000,8.380000,0.173600,0.043400,1592.000,398.000,1
3/4,2026-09-19 23:55:15,3,4,0.119000,8.380000,0.173700,0.043425,1593.000,398.250,1
3/4,2026-09-19 23:55:30,3,4,0.123000,8.140000,0.178300,0.044575,1591.000,397.750,1
3/4,2026-09-19 23:55:45,3,4,0.116000,8.640000,0.176200,0.044050,1591.000,397.750,0
3/4,2026-09-19 23:56:00,3,4,0.123000,8.140000,0.176600,0.044150,1592.000,398.000,1
3/4,2026-09-19 23:56:15,3,4,0.119000,8.380000,0.180600,0.045150,1596.000,399.000,0
3/4,2026-09-19 23:56:30,3,4,0.119000,8.380000,0.181500,0.045375,1596.000,399.000,0
3/4,2026-09-19 23:56:45,3,4,0.123000,8.140000,0.183200,0.045800,1596.000,399.000,0
3/4,2026-09-19 23:57:00,3,4,0.116000,8.640000,0.181200,0.045300,1595.000,398.750,1
3/4,2026-09-19 23:57:15,3,4,0.123000,8.140000,0.186200,0.046550,1600.000,400.000,0
3/4,2026-09-19 23:57:30,3,4,0.119000,8.380000,0.186300,0.046575,1600.000,400.000,1
3/4,2026-09-19 23:57:45,3,4,0.119000,8.380000,0.184700,0.046175,1599.000,399.750,1
3/4,2026-09-19 23:58:00,3,4,0.123000,8.140000,0.188800,0.047200,1600.000,400.000,1
3/4,2026-09-19 23:58:15,3,4,0.116000,8.640000,0.189000,0.047250,1602.000,400.500,0
3/4,2026-09-19 23:58:30,3,4,0.123000,8.140000,0.188500,0.047125,1602.000,400.500,1
3/4,2026-09-19 23:58:45,3,4,0.119000,8.380000,0.189700,0.047425,1603.000,400.750,0
3/4,2026-09-19 23:59:00,3,4,0.119000,8.380000,0.188200,0.047050,1611.000,402.750,0
3/4,2026-09-19 23:59:15,3,4,0.123000,8.140000,0.192500,0.048125,1614.000,403.500,0
3/4,2026-09-19 23:59:30,3,4,0.116000,8.640000,0.189900,0.047475,1614.000,403.500,1
3/4,2026-09-19 23:59:45,3,4,0.123000,8.140000,0.190100,0.047525,1614.000,403.500,0
3/4,2026-09-20 00:00:00,3,4,0.119000,8.380000,0.191700,0.047925,1614.000,403.500,1
3/4,2026-09-20 00:00:15,3,4,0.119000,8.380000,0.192900,0.048225,1617.000,404.250,1
3/4,2026-09-20 00:00:30,3,4,0.123000,8.140000,0.197100,0.049275,1620.000,405.000,1
3/4,2026-09-20 00:00:45,3,4,0.116000,8.640000,0.195500,0.048875,1620.000,405.000,0
3/4,2026-09-20 00:01:00,3,4,0.123000,8.140000,0.194200,0.048550,1607.000,401.750,1
3/4,2026-09-20 00:01:15,3,4,0.119000,8.380000,0.198900,0.049725,1613.000,403.250,0
3/4,2026-09-20 00:01:30,3,4,0.119000,8.380000,0.197400,0.049350,1604.000,401.000,0
3/4,2026-09-20 00:01:45,3,4,0.123000,8.140000,0.202900,0.050725,1597.000,399.250,0
3/4,2026-09-20 00:02:00,3,4,0.116000,8.640000,0.201000,0.050250,1594.000,398.500,1
3/4,2026-09-20 00:02:15,3,4,0.123000,8.140000,0.204200,0.051050,1593.000,398.250,0
3/4,2026-09-20 00:02:30,3,4,0.119000,8.380000,0.208500,0.052125,1599.000,399.750,1
3/4,2026-09-20 00:02:45,3,4,0.119000,8.380000,0.206100,0.051525,1595.000,398.750,1
3/4,2026-09-20 00:03:00,3,4,0.123000,8.140000,0.208800,0.052200,1596.000,399.000,1
3/4,2026-09-20 00:03:15,3,4,0.116000,8.640000,0.209700,0.052425,1596.000,399.000,0
3/4,2026-09-20 00:03:30,3,4,0.123000,8.140000,0.210700,0.052675,1596.000,399.000,1
3/4,2026-09-20 00:03:45,3,4,0.119000,8.380000,0.213800,0.053450,1597.000,399.250,0
3/4,2026-09-20 00:04:00,3,4,0.119000,8.380000,0.209100,0.052275,1596.000,399.000,0
3/4,2026-09-20 00:04:15,3,4,0.123000,8.140000,0.212700,0.053175,1597.000,399.250,0
3/4,2026-09-20 00:04:30,3,4,0.116000,8.640000,0.214500,0.053625,1603.000,400.750,1
3/4,2026-09-20 00:04:45,3,4,0.123000,8.140000,0.213000,0.053250,1604.000,401.000,0
3/4,2026-09-20 00:05:00,3,4,0.119000,8.380000,0.212700,0.053175,1605.000,401.250,1
3/4,2026-09-20 00:05:15,3,4,0.119000,8.380000,0.212900,0.053225,1605.000,401.250,1
3/4,2026-09-20 00:05:30,3,4,0.123000,8.140000,0.216800,0.054200,1606.000,401.500,1
3/4,2026-09-20 00:05:45,3,4,0.116000,8.640000,0.215300,0.053825,1606.000,401.500,0
3/4,2026-09-20 00:06:00,3,4,0.123000,8.140000,0.214100,0.053525,1607.000,401.750,1
3/4,2026-09-20 00:06:15,3,4,0.119000,8.380000,0.221300,0.055325,1603.000,400.750,0
3/4,2026-09-20 00:06:30,3,4,0.119000,8.380000,0.219700,0.054925,1606.000,401.500,0
3/4,2026-09-20 00:06:45,3,4,0.123000,8.140000,0.221000,0.055250,1615.000,403.750,0
3/4,2026-09-20 00:07:00,3,4,0.116000,8.640000,0.219600,0.054900,1615.000,403.750,1
3/4,2026-09-20 00:07:15,3,4,0.123000,8.140000,0.224000,0.056000,1617.000,404.250,0
3/4,2026-09-20 00:07:30,3,4,0.119000,8.380000,0.226800,0.056700,1620.000,405.000,1
3/4,2026-09-20 00:07:45,3,4,0.119000,8.380000,0.224400,0.056100,1615.000,403.750,1
3/4,2026-09-20 00:08:00,3,4,0.123000,8.140000,0.228000,0.057000,1614.000,403.500,1
3/4,2026-09-20 00:08:15,3,4,0.116000,8.640000,0.231300,0.057825,1611.000,402.750,0
3/4,2026-09-20 00:08:30,3,4,0.123000,8.140000,0.234800,0.058700,1610.000,402.500,1
3/4,2026-09-20 00:08:45,3,4,0.119000,8.380000,0.239300,0.059825,1608.000,402.000,0
3/4,2026-09-20 00:09:00,3,4,0.119000,8.380000,0.238900,0.059725,1610.000,402.500,0
3/4,2026-09-20 00:09:15,3,4,0.123000,8.140000,0.244400,0.061100,1606.000,401.500,0
3/4,2026-09-20 00:09:30,3,4,0.116000,8.640000,0.245800,0.061450,1607.000,401.750,1
3/4,2026-09-20 00:09:45,3,4,0.123000,8.140000,0.245900,0.061475,1607.000,401.750,0
3/4,2026-09-20 00:10:00,3,4,0.119000,8.380000,0.247100,0.061775,1614.000,403.500,1
3/4,2026-09-20 00:10:15,3,4,0.119000,8.380000,0.248800,0.062200,1619.000,404.750,1
3/4,2026-09-20 00:10:30,3,4,0.123000,8.140000,0.256000,0.064000,1610.000,402.500,1
3/4,2026-09-20 00:10:45,3,4,0.116000,8.640000,0.261500,0.065375,1620.000,405.000,0
3/4,2026-09-20 00:11:00,3,4,0.123000,8.140000,0.296000,0.074000,1839.000,459.750,5
3/4,2026-09-20 00:11:15,3,4,0.119000,8.380000,0.300200,0.075050,1868.000,467.000,0
3/4,2026-09-20 00:11:30,3,4,0.119000,8.380000,0.292900,0.073225,1868.000,467.000,0
3/4,2026-09-20 00:11:45,3,4,0.123000,8.140000,0.287500,0.071875,1868.000,467.000,0
3/4,2026-09-20 00:12:00,3,4,0.116000,8.640000,0.278000,0.069500,1853.000,463.250,1
3/4,2026-09-20 00:12:15,3,4,0.123000,8.140000,0.271300,0.067825,1847.000,461.750,0
3/4,2026-09-20 00:12:30,3,4,0.119000,8.380000,0.272300,0.068075,1883.000,470.750,1
3/4,2026-09-20 00:12:45,3,4,0.119000,8.380000,0.262900,0.065725,1821.000,455.250,1
3/4,2026-09-20 00:13:00,3,4,0.123000,8.140000,0.258000,0.064500,1820.000,455.000,1
3/4,2026-09-20 00:13:15,3,4,0.116000,8.640000,0.253200,0.063300,1740.000,435.000,0
3/4,2026-09-20 00:13:30,3,4,0.123000,8.140000,0.245700,0.061425,1734.000,433.500,1
3/4,2026-09-20 00:13:45,3,4,0.119000,8.380000,0.241200,0.060300,1738.000,434.500,0
3/4,2026-09-20 00:14:00,3,4,0.119000,8.380000,0.230500,0.057625,1732.000,433.000,0
3/4,2026-09-20 00:14:15,3,4,0.123000,8.140000,0.227800,0.056950,1735.000,433.750,0
3/4,2026-09-20 00:14:30,3,4,0.116000,8.640000,0.223400,0.055850,1733.000,433.250,1
3/4,2026-09-20 00:14:45,3,4,0.123000,8.140000,0.218700,0.054675,1699.000,424.750,0
3/4,2026-09-20 00:15:00,3,4,0.119000,8.380000,0.211400,0.052850,1699.000,424.750,1
3/4,2026-09-20 00:15:15,3,4,0.119000,8.380000,0.203000,0.050750,1697.000,424.250,1
3/4,2026-09-20 00:15:30,3,4,0.123000,8.140000,0.195200,0.048800,1696.000,424.000,1
3/4,2026-09-20 00:15:45,3,4,0.116000,8.640000,0.151000,0.037750,1695.000,423.750,0
3/4,2026-09-20 00:16:00,3,4,0.123000,8.140000,0.142200,0.035550,1693.000,423.250,1
3/4,2026-09-20 00:16:15,3,4,0.119000,8.380000,0.146100,0.036525,1693.000,423.250,0
3/4,2026-09-20 00:16:30,3,4,0.119000,8.380000,0.148100,0.037025,1696.000,424.000,0
3/4,2026-09-20 00:16:45,3,4,0.123000,8.140000,0.148000,0.037000,1695.000,423.750,0
3/4,2026-09-20 00:17:00,3,4,0.116000,8.640000,0.149600,0.037400,1693.000,423.250,1
3/4,2026-09-20 00:17:15,3,4,0.123000,8.140000,0.147500,0.036875,1693.000,423.250,0
3/4,2026-09-20 00:17:30,3,4,0.119000,8.380000,0.151500,0.037875,1706.000,426.500,1
3/4,2026-09-20 00:17:45,3,4,0.119000,8.380000,0.149000,0.037250,1705.000,426.250,1
3/4,2026-09-20 00:18:00,3,4,0.123000,8.140000,0.147000,0.036750,1705.000,426.250,1
3/4,2026-09-20 00:18:15,3,4,0.116000,8.640000,0.146100,0.036525,1710.000,427.500,0
3/4,2026-09-20 00:18:30,3,4,0.123000,8.140000,0.146900,0.036725,1705.000,426.250,1
3/4,2026-09-20 00:18:45,3,4,0.119000,8.380000,0.149100,0.037275,1691.000,422.750,0
3/4,2026-09-20 00:19:00,3,4,0.119000,8.380000,0.145300,0.036325,1699.000,424.750,0
3/4,2026-09-20 00:19:15,3,4,0.123000,8.140000,0.148300,0.037075,1688.000,422.000,0
3/4,2026-09-20 00:19:30,3,4,0.116000,8.640000,0.146300,0.036575,1680.000,420.000,1
3/4,2026-09-20 00:19:45,3,4,0.123000,8.140000,0.147100,0.036775,1676.000,419.000,0
3/4,2026-09-20 00:20:00,3,4,0.119000,8.380000,0.146300,0.036575,1676.000,419.000,1
3/4,2026-09-20 00:20:15,3,4,0.119000,8.380000,0.145200,0.036300,1667.000,416.750,1
3/4,2026-09-20 00:20:30,3,4,0.123000,8.140000,0.148500,0.037125,1669.000,417.250,1
3/4,2026-09-20 00:20:45,3,4,0.116000,8.640000,0.146700,0.036675,1666.000,416.500,0
3/4,2026-09-20 00:21:00,3,4,0.123000,8.140000,0.144600,0.036150,1673.000,418.250,1
3/4,2026-09-20 00:21:15,3,4,0.119000,8.380000,0.145500,0.036375,1652.000,413.000,0
3/4,2026-09-20 00:21:30,3,4,0.119000,8.380000,0.146000,0.036500,1667.000,416.750,0
3/4,2026-09-20 00:21:45,3,4,0.123000,8.140000,0.146400,0.036600,1664.000,416.000,0
3/4,2026-09-20 00:22:00,3,4,0.116000,8.640000,0.145000,0.036250,1644.000,411.000,1
3/4,2026-09-20 00:22:15,3,4,0.123000,8.140000,0.145000,0.036250,1641.000,410.250,0
3/4,2026-09-20 00:22:30,3,4,0.119000,8.380000,0.145500,0.036375,1647.000,411.750,1
3/4,2026-09-20 00:22:45,3,4,0.119000,8.380000,0.144100,0.036025,1642.000,410.500,1
3/4,2026-09-20 00:23:00,3,4,0.123000,8.140000,0.146600,0.036650,1641.000,410.250,1
3/4,2026-09-20 00:23:15,3,4,0.116000,8.640000,0.147000,0.036750,1643.000,410.750,0
3/4,2026-09-20 00:23:30,3,4,0.123000,8.140000,0.146500,0.036625,1644.000,411.000,1
3/4,2026-09-20 00:23:45,3,4,0.119000,8.380000,0.147900,0.036975,1648.000,412.000,0
3/4,2026-09-20 00:24:00,3,4,0.119000,8.380000,0.144000,0.036000,1647.000,411.750,0
3/4,2026-09-20 00:24:15,3,4,0.123000,8.140000,0.148400,0.037100,1646.000,411.500,0
3/4,2026-09-20 00:24:30,3,4,0.116000,8.640000,0.147400,0.036850,1645.000,411.250,1
3/4,2026-09-20 00:24:45,3,4,0.123000,8.140000,0.148600,0.037150,1643.000,410.750,0
3/4,2026-09-20 00:25:00,3,4,0.119000,8.380000,0.149500,0.037375,1644.000,411.000,1
3/4,2026-09-20 00:25:15,3,4,0.119000,8.380000,0.150200,0.037550,1644.000,411.000,1
3/4,2026-09-20 00:25:30,3,4,0.123000,8.140000,0.153700,0.038425,1650.000,412.500,1
3/4,2026-09-20 00:25:45,3,4,0.116000,8.640000,0.155000,0.038750,1652.000,413.000,0
3/4,2026-09-20 00:26:00,3,4,0.123000,8.140000,0.154900,0.038725,1649.000,412.250,1
3/4,2026-09-20 00:26:15,3,4,0.119000,8.380000,0.158500,0.039625,1652.000,413.000,0
3/4,2026-09-20 00:26:30,3,4,0.119000,8.380000,0.157000,0.039250,1647.000,411.750,0
3/4,2026-09-20 00:26:45,3,4,0.123000,8.140000,0.158700,0.039675,1646.000,411.500,0
3/4,2026-09-20 00:27:00,3,4,0.116000,8.640000,0.158100,0.039525,1660.000,415.000,1
3/4,2026-09-20 00:27:15,3,4,0.123000,8.140000,0.159300,0.039825,1660.000,415.000,0
3/4,2026-09-20 00:27:30,3,4,0.119000,8.380000,0.159400,0.039850,1658.000,414.500,1
3/4,2026-09-20 00:27:45,3,4,0.119000,8.380000,0.160200,0.040050,1630.000,407.500,1
3/4,2026-09-20 00:28:00,3,4,0.123000,8.140000,0.158400,0.039600,1634.000,408.500,1
3/4,2026-09-20 00:28:15,3,4,0.116000,8.640000,0.158600,0.039650,1638.000,409.500,0
3/4,2026-09-20 00:28:30,3,4,0.123000,8.140000,0.161300,0.040325,1631.000,407.750,1
3/4,2026-09-20 00:28:45,3,4,0.119000,8.380000,0.162800,0.040700,1639.000,409.750,0
3/4,2026-09-20 00:29:00,3,4,0.119000,8.380000,0.160400,0.040100,1625.000,406.250,0
3/4,2026-09-20 00:29:15,3,4,0.123000,8.140000,0.161200,0.040300,1630.000,407.500,0
3/4,2026-09-20 00:29:30,3,4,0.116000,8.640000,0.162500,0.040625,1634.000,408.500,1
3/4,2026-09-20 00:29:45,3,4,0.123000,8.140000,0.161800,0.040450,1633.000,408.250,0
3/4,2026-09-20 00:30:00,3,4,0.119000,8.380000,0.159600,0.039900,1630.000,407.500,1
3/4,2026-09-20 00:30:15,3,4,0.119000,8.380000,0.159500,0.039875,1628.000,407.000,1
3/4,2026-09-20 00:30:30,3,4,0.123000,8.140000,0.163100,0.040775,1653.000,413.250,1
3/4,2026-09-20 00:30:45,3,4,0.116000,8.640000,0.161200,0.040300,1653.000,413.250,0
3/4,2026-09-20 00:31:00,3,4,0.123000,8.140000,0.160400,0.040100,1653.000,413.250,1
3/4,2026-09-20 00:31:15,3,4,0.119000,8.380000,0.164900,0.041225,1660.000,415.000,0
3/4,2026-09-20 00:31:30,3,4,0.119000,8.380000,0.164900,0.041225,1661.000,415.250,0
3/4,2026-09-20 00:31:45,3,4,0.123000,8.140000,0.165000,0.041250,1660.000,415.000,0
3/4,2026-09-20 00:32:00,3,4,0.116000,8.640000,0.164800,0.041200,1659.000,414.750,1
3/4,2026-09-20 00:32:15,3,4,0.123000,8.140000,0.166900,0.041725,1665.000,416.250,0
3/4,2026-09-20 00:32:30,3,4,0.119000,8.380000,0.165900,0.041475,1655.000,413.750,1
3/4,2026-09-20 00:32:45,3,4,0.119000,8.380000,0.165900,0.041475,1652.000,413.000,1
3/4,2026-09-20 00:33:00,3,4,0.123000,8.140000,0.165400,0.041350,1648.000,412.000,1
3/4,2026-09-20 00:33:15,3,4,0.116000,8.640000,0.163500,0.040875,1643.000,410.750,0
3/4,2026-09-20 00:33:30,3,4,0.123000,8.140000,0.164800,0.041200,1629.000,407.250,1
3/4,2026-09-20 00:33:45,3,4,0.119000,8.380000,0.164100,0.041025,1630.000,407.500,0
3/4,2026-09-20 00:34:00,3,4,0.119000,8.380000,0.162200,0.040550,1632.000,408.000,0
3/4,2026-09-20 00:34:15,3,4,0.123000,8.140000,0.162500,0.040625,1628.000,407.000,0
3/4,2026-09-20 00:34:30,3,4,0.116000,8.640000,0.163800,0.040950,1625.000,406.250,1
3/4,2026-09-20 00:34:45,3,4,0.123000,8.140000,0.164400,0.041100,1611.000,402.750,0
3/4,2026-09-20 00:35:00,3,4,0.119000,8.380000,0.163000,0.040750,1610.000,402.500,1
3/4,2026-09-20 00:35:15,3,4,0.119000,8.380000,0.160200,0.040050,1605.000,401.250,1
3/4,2026-09-20 00:35:30,3,4,0.123000,8.140000,0.163900,0.040975,1607.000,401.750,1
3/4,2026-09-20 00:35:45,3,4,0.116000,8.640000,0.160300,0.040075,1605.000,401.250,0
3/4,2026-09-20 00:36:00,3,4,0.123000,8.140000,0.156900,0.039225,1605.000,401.250,1
3/4,2026-09-20 00:36:15,3,4,0.119000,8.380000,0.158900,0.039725,1613.000,403.250,0
3/4,2026-09-20 00:36:30,3,4,0.119000,8.380000,0.158400,0.039600,1614.000,403.500,0
3/4,2026-09-20 00:36:45,3,4,0.123000,8.140000,0.161100,0.040275,1617.000,404.250,0
3/4,2026-09-20 00:37:00,3,4,0.116000,8.640000,0.161900,0.040475,1616.000,404.000,1
3/4,2026-09-20 00:37:15,3,4,0.123000,8.140000,0.164200,0.041050,1617.000,404.250,0
3/4,2026-09-20 00:37:30,3,4,0.119000,8.380000,0.166700,0.041675,1617.000,404.250,1
3/4,2026-09-20 00:37:45,3,4,0.119000,8.380000,0.166200,0.041550,1613.000,403.250,1
3/4,2026-09-20 00:38:00,3,4,0.123000,8.140000,0.170500,0.042625,1611.000,402.750,1
3/4,2026-09-20 00:38:15,3,4,0.116000,8.640000,0.169100,0.042275,1615.000,403.750,0
3/4,2026-09-20 00:38:30,3,4,0.123000,8.140000,0.171600,0.042900,1610.000,402.500,1
3/4,2026-09-20 00:38:45,3,4,0.119000,8.380000,0.174100,0.043525,1621.000,405.250,0
3/4,2026-09-20 00:39:00,3,4,0.119000,8.380000,0.173000,0.043250,1619.000,404.750,0
3/4,2026-09-20 00:39:15,3,4,0.123000,8.140000,0.205400,0.051350,1667.000,416.750,40
3/4,2026-09-20 00:39:30,3,4,0.116000,8.640000,0.212000,0.053000,1663.000,415.750,1
3/4,2026-09-20 00:39:45,3,4,0.123000,8.140000,0.212900,0.053225,1659.000,414.750,0
3/4,2026-09-20 00:40:00,3,4,0.119000,8.380000,0.209200,0.052300,1659.000,414.750,1
3/4,2026-09-20 00:40:15,3,4,0.119000,8.380000,0.205600,0.051400,1660.000,415.000,1
3/4,2026-09-20 00:40:30,3,4,0.123000,8.140000,0.206700,0.051675,1659.000,414.750,1
3/4,2026-09-20 00:40:45,3,4,0.116000,8.640000,0.205200,0.051300,1658.000,414.500,0
3/4,2026-09-20 00:41:00,3,4,0.123000,8.140000,0.201100,0.050275,1660.000,415.000,1
3/4,2026-09-20 00:41:15,3,4,0.119000,8.380000,0.205100,0.051275,1660.000,415.000,0
3/4,2026-09-20 00:41:30,3,4,0.119000,8.380000,0.201700,0.050425,1660.000,415.000,0
3/4,2026-09-20 00:41:45,3,4,0.123000,8.140000,0.198900,0.049725,1659.000,414.750,0
3/4,2026-09-20 00:42:00,3,4,0.116000,8.640000,0.197500,0.049375,1659.000,414.750,1
3/4,2026-09-20 00:42:15,3,4,0.123000,8.140000,0.196400,0.049100,1653.000,413.250,0
3/4,2026-09-20 00:42:30,3,4,0.119000,8.380000,0.196200,0.049050,1655.000,413.750,1
3/4,2026-09-20 00:42:45,3,4,0.119000,8.380000,0.192600,0.048150,1655.000,413.750,1
3/4,2026-09-20 00:43:00,3,4,0.123000,8.140000,0.192100,0.048025,1656.000,414.000,1
3/4,2026-09-20 00:43:15,3,4,0.116000,8.640000,0.191200,0.047800,1656.000,414.000,0
3/4,2026-09-20 00:43:30,3,4,0.123000,8.140000,0.192100,0.048025,1651.000,412.750,1
3/4,2026-09-20 00:43:45,3,4,0.119000,8.380000,0.190900,0.047725,1652.000,413.000,0
3/4,2026-09-20 00:44:00,3,4,0.119000,8.380000,0.156400,0.039100,1655.000,413.750,0
3/4,2026-09-20 00:44:15,3,4,0.123000,8.140000,0.150900,0.037725,1655.000,413.750,0
3/4,2026-09-20 00:44:30,3,4,0.116000,8.640000,0.149900,0.037475,1648.000,412.000,1
3/4,2026-09-20 00:44:45,3,4,0.123000,8.140000,0.153200,0.038300,1648.000,412.000,0
3/4,2026-09-20 00:45:00,3,4,0.119000,8.380000,0.154500,0.038625,1648.000,412.000,1
3/4,2026-09-20 00:45:15,3,4,0.119000,8.380000,0.154800,0.038700,1644.000,411.000,1
3/4,2026-09-20 00:45:30,3,4,0.123000,8.140000,0.156100,0.039025,1645.000,411.250,1
3/4,2026-09-20 00:45:45,3,4,0.116000,8.640000,0.155700,0.038925,1645.000,411.250,0
3/4,2026-09-20 00:46:00,3,4,0.123000,8.140000,0.152900,0.038225,1644.000,411.000,1
3/4,2026-09-20 00:46:15,3,4,0.119000,8.380000,0.155000,0.038750,1644.000,411.000,0
3/4,2026-09-20 00:46:30,3,4,0.119000,8.380000,0.154400,0.038600,1644.000,411.000,0
3/4,2026-09-20 00:46:45,3,4,0.123000,8.140000,0.154800,0.038700,1645.000,411.250,0
3/4,2026-09-20 00:47:00,3,4,0.116000,8.640000,0.153700,0.038425,1645.000,411.250,1
3/4,2026-09-20 00:47:15,3,4,0.123000,8.140000,0.155400,0.038850,1659.000,414.750,0
3/4,2026-09-20 00:47:30,3,4,0.119000,8.380000,0.155600,0.038900,1660.000,415.000,1
3/4,2026-09-20 00:47:45,3,4,0.119000,8.380000,0.156300,0.039075,1662.000,415.500,1
3/4,2026-09-20 00:48:00,3,4,0.123000,8.140000,0.157200,0.039300,1662.000,415.500,1
3/4,2026-09-20 00:48:15,3,4,0.116000,8.640000,0.156100,0.039025,1668.000,417.000,0
3/4,2026-09-20 00:48:30,3,4,0.123000,8.140000,0.157300,0.039325,1666.000,416.500,1
3/4,2026-09-20 00:48:45,3,4,0.119000,8.380000,0.159700,0.039925,1666.000,416.500,0
3/4,2026-09-20 00:49:00,3,4,0.119000,8.380000,0.156200,0.039050,1662.000,415.500,0
3/4,2026-09-20 00:49:15,3,4,0.123000,8.140000,0.165100,0.041275,1700.000,425.000,0
3/4,2026-09-20 00:49:30,3,4,0.116000,8.640000,0.165700,0.041425,1699.000,424.750,1
3/4,2026-09-20 00:49:45,3,4,0.123000,8.140000,0.166000,0.041500,1690.000,422.500,0
3/4,2026-09-20 00:50:00,3,4,0.119000,8.380000,0.165600,0.041400,1691.000,422.750,1
3/4,2026-09-20 00:50:15,3,4,0.119000,8.380000,0.167100,0.041775,1676.000,419.000,1
3/4,2026-09-20 00:50:30,3,4,0.123000,8.140000,0.170700,0.042675,1684.000,421.000,1
3/4,2026-09-20 00:50:45,3,4,0.116000,8.640000,0.168700,0.042175,1683.000,420.750,0
3/4,2026-09-20 00:51:00,3,4,0.123000,8.140000,0.169300,0.042325,1658.000,414.500,1
3/4,2026-09-20 00:51:15,3,4,0.119000,8.380000,0.174700,0.043675,1658.000,414.500,0
3/4,2026-09-20 00:51:30,3,4,0.119000,8.380000,0.173100,0.043275,1661.000,415.250,0
3/4,2026-09-20 00:51:45,3,4,0.123000,8.140000,0.175000,0.043750,1664.000,416.000,0
3/4,2026-09-20 00:52:00,3,4,0.116000,8.640000,0.175400,0.043850,1663.000,415.750,1
3/4,2026-09-20 00:52:15,3,4,0.123000,8.140000,0.176900,0.044225,1662.000,415.500,0
3/4,2026-09-20 00:52:30,3,4,0.119000,8.380000,0.177600,0.044400,1663.000,415.750,1
3/4,2026-09-20 00:52:45,3,4,0.119000,8.380000,0.176300,0.044075,1662.000,415.500,1
3/4,2026-09-20 00:53:00,3,4,0.123000,8.140000,0.179300,0.044825,1663.000,415.750,1
3/4,2026-09-20 00:53:15,3,4,0.116000,8.640000,0.179700,0.044925,1666.000,416.500,0
3/4,2026-09-20 00:53:30,3,4,0.123000,8.140000,0.179600,0.044900,1662.000,415.500,1
3/4,2026-09-20 00:53:45,3,4,0.119000,8.380000,0.185100,0.046275,1660.000,415.000,0
3/4,2026-09-20 00:54:00,3,4,0.119000,8.380000,0.175300,0.043825,1659.000,414.750,0
3/4,2026-09-20 00:54:15,3,4,0.123000,8.140000,0.178400,0.044600,1673.000,418.250,0
3/4,2026-09-20 00:54:30,3,4,0.116000,8.640000,0.179600,0.044900,1668.000,417.000,1
3/4,2026-09-20 00:54:45,3,4,0.123000,8.140000,0.181700,0.045425,1668.000,417.000,0
3/4,2026-09-20 00:55:00,3,4,0.119000,8.380000,0.181700,0.045425,1668.000,417.000,1
3/4,2026-09-20 00:55:15,3,4,0.119000,8.380000,0.182400,0.045600,1668.000,417.000,1
3/4,2026-09-20 00:55:30,3,4,0.123000,8.140000,0.186900,0.046725,1665.000,416.250,1
3/4,2026-09-20 00:55:45,3,4,0.116000,8.640000,0.183200,0.045800,1663.000,415.750,0
3/4,2026-09-20 00:56:00,3,4,0.123000,8.140000,0.179000,0.044750,1662.000,415.500,1
3/4,2026-09-20 00:56:15,3,4,0.119000,8.380000,0.185100,0.046275,1656.000,414.000,0
3/4,2026-09-20 00:56:30,3,4,0.119000,8.380000,0.183600,0.045900,1658.000,414.500,0
3/4,2026-09-20 00:56:45,3,4,0.123000,8.140000,0.184400,0.046100,1653.000,413.250,0
3/4,2026-09-20 00:57:00,3,4,0.116000,8.640000,0.182900,0.045725,1650.000,412.500,1
3/4,2026-09-20 00:57:15,3,4,0.123000,8.140000,0.182500,0.045625,1655.000,413.750,0
3/4,2026-09-20 00:57:30,3,4,0.119000,8.380000,0.184100,0.046025,1655.000,413.750,1
3/4,2026-09-20 00:57:45,3,4,0.119000,8.380000,0.180200,0.045050,1655.000,413.750,1
3/4,2026-09-20 00:58:00,3,4,0.123000,8.140000,0.180800,0.045200,1654.000,413.500,1
3/4,2026-09-20 00:58:15,3,4,0.116000,8.640000,0.181000,0.045250,1654.000,413.500,0
3/4,2026-09-20 00:58:30,3,4,0.123000,8.140000,0.178600,0.044650,1654.000,413.500,1
3/4,2026-09-20 00:58:45,3,4,0.119000,8.380000,0.181300,0.045325,1649.000,412.250,0
3/4,2026-09-20 00:59:00,3,4,0.119000,8.380000,0.177600,0.044400,1662.000,415.500,0
3/4,2026-09-20 00:59:15,3,4,0.123000,8.140000,0.181700,0.045425,1661.000,415.250,0
3/4,2026-09-20 00:59:30,3,4,0.116000,8.640000,0.181400,0.045350,1663.000,415.750,1
3/4,2026-09-20 00:59:45,3,4,0.123000,8.140000,0.182500,0.045625,1663.000,415.750,0
3/4,2026-09-20 01:00:00,3,4,0.119000,8.380000,0.181200,0.045300,1668.000,417.000,1
3/4,2026-09-20 01:00:15,3,4,0.119000,8.380000,0.182100,0.045525,1668.000,417.000,1
3/4,2026-09-20 01:00:30,3,4,0.123000,8.140000,0.183500,0.045875,1665.000,416.250,1
3/4,2026-09-20 01:00:45,3,4,0.116000,8.640000,0.185600,0.046400,1665.000,416.250,0
3/4,2026-09-20 01:01:00,3,4,0.123000,8.140000,0.181400,0.045350,1657.000,414.250,1
3/4,2026-09-20 01:01:15,3,4,0.119000,8.380000,0.184000,0.046000,1662.000,415.500,0
3/4,2026-09-20 01:01:30,3,4,0.119000,8.380000,0.180600,0.045150,1663.000,415.750,0
3/4,2026-09-20 01:01:45,3,4,0.123000,8.140000,0.182800,0.045700,1654.000,413.500,0
3/4,2026-09-20 01:02:00,3,4,0.116000,8.640000,0.182100,0.045525,1656.000,414.000,1
3/4,2026-09-20 01:02:15,3,4,0.123000,8.140000,0.181600,0.045400,1645.000,411.250,0
3/4,2026-09-20 01:02:30,3,4,0.119000,8.380000,0.184200,0.046050,1649.000,412.250,1
3/4,2026-09-20 01:02:45,3,4,0.119000,8.380000,0.181300,0.045325,1648.000,412.000,1
3/4,2026-09-20 01:03:00,3,4,0.123000,8.140000,0.182700,0.045675,1647.000,411.750,1
3/4,2026-09-20 01:03:15,3,4,0.116000,8.640000,0.181800,0.045450,1649.000,412.250,0
3/4,2026-09-20 01:03:30,3,4,0.123000,8.140000,0.182900,0.045725,1647.000,411.750,1
3/4,2026-09-20 01:03:45,3,4,0.119000,8.380000,0.183200,0.045800,1650.000,412.500,0
3/4,2026-09-20 01:04:00,3,4,0.119000,8.380000,0.179200,0.044800,1649.000,412.250,0
3/4,2026-09-20 01:04:15,3,4,0.123000,8.140000,0.179400,0.044850,1660.000,415.000,0
3/4,2026-09-20 01:04:30,3,4,0.116000,8.640000,0.180000,0.045000,1655.000,413.750,1
3/4,2026-09-20 01:04:45,3,4,0.123000,8.140000,0.180700,0.045175,1654.000,413.500,0
3/4,2026-09-20 01:05:00,3,4,0.119000,8.380000,0.179300,0.044825,1662.000,415.500,1
3/4,2026-09-20 01:05:15,3,4,0.119000,8.380000,0.182000,0.045500,1657.000,414.250,1
3/4,2026-09-20 01:05:30,3,4,0.123000,8.140000,0.182000,0.045500,1657.000,414.250,1
3/4,2026-09-20 01:05:45,3,4,0.116000,8.640000,0.181400,0.045350,1651.000,412.750,0
3/4,2026-09-20 01:06:00,3,4,0.123000,8.140000,0.181600,0.045400,1659.000,414.750,1
3/4,2026-09-20 01:06:15,3,4,0.119000,8.380000,0.186100,0.046525,1660.000,415.000,0
3/4,2026-09-20 01:06:30,3,4,0.119000,8.380000,0.184900,0.046225,1660.000,415.000,0
3/4,2026-09-20 01:06:45,3,4,0.123000,8.140000,0.187500,0.046875,1662.000,415.500,0
3/4,2026-09-20 01:07:00,3,4,0.116000,8.640000,0.186800,0.046700,1662.000,415.500,1
3/4,2026-09-20 01:07:15,3,4,0.123000,8.140000,0.188400,0.047100,1661.000,415.250,0
3/4,2026-09-20 01:07:30,3,4,0.119000,8.380000,0.211200,0.052800,1722.000,430.500,44
3/4,2026-09-20 01:07:45,3,4,0.119000,8.380000,0.226800,0.056700,1747.000,436.750,0
3/4,2026-09-20 01:08:00,3,4,0.123000,8.140000,0.226200,0.056550,1745.000,436.250,0
3/4,2026-09-20 01:08:15,3,4,0.116000,8.640000,0.223200,0.055800,1730.000,432.500,0
3/4,2026-09-20 01:08:30,3,4,0.123000,8.140000,0.218400,0.054600,1698.000,424.500,0
3/4,2026-09-20 01:08:45,3,4,0.119000,8.380000,0.215000,0.053750,1671.000,417.750,0
3/4,2026-09-20 01:09:00,3,4,0.119000,8.380000,0.211000,0.052750,1673.000,418.250,0
3/4,2026-09-20 01:09:15,3,4,0.123000,8.140000,0.206400,0.051600,1672.000,418.000,0
3/4,2026-09-20 01:09:30,3,4,0.116000,8.640000,0.204900,0.051225,1676.000,419.000,0
